"","seqnames","start","end","width","strand","name","score","nearest_gene_id","nearest_gene","distance_to_tss","inside_gene","location","lola_motif"
"1","chr2L",21397333,21397532,200,"*","lola_i_peaks_1_peak_323",4288.05762,"FBgn0032946","nrv3",17299,"FALSE","distal",2
"2","chr3L",16930590,16930789,200,"*","lola_i_peaks_1_peak_968",4154.95703,"FBgn0036678","CG11905",3255,"TRUE","distal",1
"3","chr3R",10100643,10100842,200,"*","lola_i_peaks_1_peak_1183",3950.8147,"FBgn0263413","lncRNA:CR43459",192,"TRUE","promoter",2
"4","chrX",13563545,13563744,200,"*","lola_i_peaks_1_peak_1653",2978.07568,"FBgn0086674","Tango13",177,"FALSE","promoter",2
"5","chr3R",26261536,26261735,200,"*","lola_i_peaks_1_peak_1418",2608.04272,"FBgn0000064","Ald",44,"FALSE","promoter",3
"6","chr2R",8396741,8396940,200,"*","lola_i_peaks_1_peak_398",2355.2876,"FBgn0033289","CG2121",9470,"TRUE","distal",1
"7","chr2L",12974158,12974357,200,"*","lola_i_peaks_1_peak_205",2173.13135,"FBgn0263598","Vha68-2",63,"FALSE","promoter",3
"8","chrX",1772704,1772903,200,"*","lola_i_peaks_1_peak_1537",2165.37964,"FBgn0283741","prage",914,"FALSE","distal",1
"9","chr3L",18801413,18801612,200,"*","lola_i_peaks_1_peak_1017",2042.17615,"FBgn0267601","lncRNA:CR45939",200,"FALSE","promoter",3
"10","chr3R",30134286,30134485,200,"*","lola_i_peaks_1_peak_1459",2035.54004,"FBgn0086355","Tpi",76,"TRUE","promoter",2
"11","chr2R",12665808,12666007,200,"*","lola_i_peaks_1_peak_493",1908.50574,"FBgn0261673","nemy",108,"TRUE","promoter",2
"12","chr2R",20884462,20884661,200,"*","lola_i_peaks_1_peak_617",1877.95129,"FBgn0015524","otp",4631,"TRUE","distal",3
"13","chr3L",1188906,1189105,200,"*","lola_i_peaks_1_peak_734",1862.0166,"FBgn0035186","CG13912",581,"FALSE","distal",3
"14","chr3R",9784421,9784620,200,"*","lola_i_peaks_1_peak_1173",1824.61609,"FBgn0037754","CG8500",131,"FALSE","promoter",2
"15","chr2L",2130182,2130381,200,"*","lola_i_peaks_1_peak_50",1766.61475,"FBgn0004507","GlyP",530,"FALSE","distal",2
"16","chr3L",342938,343137,200,"*","lola_i_peaks_1_peak_720",1759.01233,"FBgn0261985","Ptpmeg",122,"TRUE","promoter",3
"17","chrX",4667064,4667263,200,"*","lola_i_peaks_1_peak_1574",1709.15015,"FBgn0029720","CG3009",463,"FALSE","distal",2
"18","chr3R",5282858,5283057,200,"*","lola_i_peaks_1_peak_1106",1645.36707,"FBgn0013576","mtd",420,"TRUE","distal",3
"19","chr2R",10160027,10160226,200,"*","lola_i_peaks_1_peak_451",1645.3667,"FBgn0033494","KCNQ",1195,"TRUE","distal",4
"20","chr2R",16551982,16552181,200,"*","lola_i_peaks_1_peak_553",1468.48425,"FBgn0034135","Syn2",175,"FALSE","promoter",2
"21","chr3R",26103509,26103708,200,"*","lola_i_peaks_1_peak_1412",1461.24207,"FBgn0051324","CG31324",3258,"FALSE","distal",3
"22","chr3L",6689037,6689236,200,"*","lola_i_peaks_1_peak_820",1437.75061,"FBgn0035710","SP1173",3516,"FALSE","distal",1
"23","chr2L",14706258,14706457,200,"*","lola_i_peaks_1_peak_228",1423.82715,"FBgn0028855","CG15282",6112,"FALSE","distal",3
"24","chrX",1399798,1399997,200,"*","lola_i_peaks_1_peak_1528",1310.07068,"FBgn0024985","CG11448",6843,"FALSE","distal",1
"25","chrX",8574105,8574304,200,"*","lola_i_peaks_1_peak_1608",1284.16003,"FBgn0030052","CG12065",100,"FALSE","promoter",3
"26","chr3L",5512030,5512229,200,"*","lola_i_peaks_1_peak_803",1272.67334,"FBgn0085371","CG34342",1269,"FALSE","distal",3
"27","chr2L",10774129,10774328,200,"*","lola_i_peaks_1_peak_176",1270.58118,"FBgn0051869","CG31869",3297,"TRUE","distal",1
"28","chr3R",4378776,4378975,200,"*","lola_i_peaks_1_peak_1095",1256.25525,"FBgn0037239","Sfxn1-3",48,"TRUE","promoter",3
"29","chrX",5916245,5916444,200,"*","lola_i_peaks_1_peak_1587",1212.10022,"FBgn0029823","Shmt",27,"TRUE","promoter",3
"30","chr3R",20908744,20908943,200,"*","lola_i_peaks_1_peak_1337",1181.99255,"FBgn0264915","asRNA:CR44106",2795,"FALSE","distal",2
"31","chr2L",15643865,15644064,200,"*","lola_i_peaks_1_peak_238",1178.05786,"FBgn0028518","CG18480",13881,"FALSE","distal",2
"32","chr3L",3239540,3239739,200,"*","lola_i_peaks_1_peak_763",1174.04431,"FBgn0035425","CG17746",61,"FALSE","promoter",2
"33","chr3L",17596904,17597103,200,"*","lola_i_peaks_1_peak_983",1166.81421,"FBgn0000567","Eip74EF",20377,"TRUE","distal",4
"34","chrX",3570341,3570540,200,"*","lola_i_peaks_1_peak_1566",1156.41016,"FBgn0052792","ppk8",936,"TRUE","distal",1
"35","chr3R",21246765,21246964,200,"*","lola_i_peaks_1_peak_1344",1102.2373,"FBgn0038874","ETHR",145,"FALSE","promoter",4
"36","chr2L",73131,73330,200,"*","lola_i_peaks_1_peak_3",1096.9126,"FBgn0266322","asRNA:CR44987",253,"TRUE","promoter",1
"37","chr3L",18026069,18026268,200,"*","lola_i_peaks_1_peak_1001",1089.2196,"FBgn0000568","Eip75B",136,"TRUE","promoter",3
"38","chr2R",15424410,15424609,200,"*","lola_i_peaks_1_peak_539",1060.17383,"FBgn0263980","CG43729",296,"TRUE","promoter",2
"39","chr3R",12121295,12121494,200,"*","lola_i_peaks_1_peak_1214",1055.06372,"FBgn0037992","CG4702",6805,"FALSE","distal",3
"40","chrX",7678939,7679138,200,"*","lola_i_peaks_1_peak_1602",1034.6709,"FBgn0267227","lncRNA:CR45667",581,"FALSE","distal",2
"41","chr3R",25652165,25652364,200,"*","lola_i_peaks_1_peak_1405",1023.68994,"FBgn0262388","mir-92b",866,"FALSE","distal",1
"42","chr2L",18944213,18944412,200,"*","lola_i_peaks_1_peak_277",988.88788,"FBgn0032723","ssp3",352,"FALSE","promoter",2
"43","chr2L",4810140,4810339,200,"*","lola_i_peaks_1_peak_92",978.99054,"FBgn0266835","lncRNA:CR45297",1704,"FALSE","distal",2
"44","chr3R",22094074,22094273,200,"*","lola_i_peaks_1_peak_1352",972.2821,"FBgn0040582","CG5791",6990,"FALSE","distal",1
"45","chr2R",16135567,16135766,200,"*","lola_i_peaks_1_peak_547",951.50867,"FBgn0086676","spin",2684,"TRUE","distal",1
"46","chr2R",23614795,23614994,200,"*","lola_i_peaks_1_peak_666",926.93225,"FBgn0034883","Eglp2",184,"TRUE","promoter",1
"47","chr3R",13260173,13260372,200,"*","lola_i_peaks_1_peak_1227",897.78589,"FBgn0040551","CG11686",82,"FALSE","promoter",3
"48","chr3L",18106105,18106304,200,"*","lola_i_peaks_1_peak_1007",852.56091,"FBgn0036773","CG13698",55,"FALSE","promoter",3
"49","chr3R",17603725,17603924,200,"*","lola_i_peaks_1_peak_1292",843.23798,"FBgn0038524","sll",2280,"FALSE","distal",1
"50","chr3L",8360907,8361106,200,"*","lola_i_peaks_1_peak_854",816.76343,"FBgn0001248","Idh",100,"FALSE","promoter",2
"51","chr3R",30195583,30195782,200,"*","lola_i_peaks_1_peak_1462",792.17627,"FBgn0039755","CG15531",544,"TRUE","distal",2
"52","chrX",1560138,1560337,200,"*","lola_i_peaks_1_peak_1534",789.40149,"FBgn0025390","Mur2B",1837,"TRUE","distal",3
"53","chrX",658144,658343,200,"*","lola_i_peaks_1_peak_1513",783.96558,"FBgn0025637","SkpA",1169,"FALSE","distal",2
"54","chr2R",14903733,14903932,200,"*","lola_i_peaks_1_peak_531",777.56445,"FBgn0027596","Kank",16,"TRUE","promoter",2
"55","chr2R",21608148,21608347,200,"*","lola_i_peaks_1_peak_633",765.36823,"FBgn0262888","asRNA:CR43243",122,"TRUE","promoter",5
"56","chrX",20792170,20792369,200,"*","lola_i_peaks_1_peak_1738",753.03595,"FBgn0085387","shakB",582,"TRUE","distal",3
"57","chr3L",4532112,4532311,200,"*","lola_i_peaks_1_peak_795",742.07593,"FBgn0014073","Tie",66,"FALSE","promoter",1
"58","chr3L",7837159,7837358,200,"*","lola_i_peaks_1_peak_841",732.96967,"FBgn0016694","Pdp1",4185,"TRUE","distal",2
"59","chr3R",30527396,30527595,200,"*","lola_i_peaks_1_peak_1466",732.37488,"FBgn0027654","jdp",458,"FALSE","distal",2
"60","chr3L",19091779,19091978,200,"*","lola_i_peaks_1_peak_1026",728.19818,"FBgn0036846","MESR6",790,"FALSE","distal",2
"61","chr3R",29907760,29907959,200,"*","lola_i_peaks_1_peak_1457",727.86017,"FBgn0051036","CG31036",246,"FALSE","promoter",3
"62","chr2L",14011605,14011804,200,"*","lola_i_peaks_1_peak_219",719.7182,"FBgn0028909","tRNA:Gln-CTG-4-1",1068,"FALSE","distal",4
"63","chr2R",7245743,7245942,200,"*","lola_i_peaks_1_peak_367",708.91455,"FBgn0026602","Ady43A",66,"FALSE","promoter",2
"64","chr3L",18019717,18019916,200,"*","lola_i_peaks_1_peak_999",680.45691,"FBgn0000568","Eip75B",6214,"TRUE","distal",3
"65","chr3R",4187348,4187547,200,"*","lola_i_peaks_1_peak_1090",671.1012,"FBgn0000500","Dsk",2811,"FALSE","distal",3
"66","chr2L",1362341,1362540,200,"*","lola_i_peaks_1_peak_28",667.98846,"FBgn0053126","NLaz",619,"FALSE","distal",1
"67","chrX",18479611,18479810,200,"*","lola_i_peaks_1_peak_1715",666.43323,"FBgn0052547","CG32547",223,"FALSE","promoter",2
"68","chrX",18319957,18320156,200,"*","lola_i_peaks_1_peak_1709",640.10822,"FBgn0030912","CG6023",1135,"TRUE","distal",5
"69","chr3L",6619184,6619383,200,"*","lola_i_peaks_1_peak_819",638.56647,"FBgn0004619","GluRIA",4747,"FALSE","distal",1
"70","chr2L",5624116,5624315,200,"*","lola_i_peaks_1_peak_107",615.53259,"FBgn0031726","Cyp6a16",453,"FALSE","distal",3
"71","chrX",3252732,3252931,200,"*","lola_i_peaks_1_peak_1561",612.47461,"FBgn0000479","dnc",2742,"TRUE","distal",5
"72","chr3R",16180572,16180771,200,"*","lola_i_peaks_1_peak_1271",607.92694,"FBgn0038405","CG8927",347,"FALSE","promoter",1
"73","chr2L",9567479,9567678,200,"*","lola_i_peaks_1_peak_161",603.21002,"FBgn0032129","jp",828,"FALSE","distal",4
"74","chr3R",27228432,27228631,200,"*","lola_i_peaks_1_peak_1436",571.37994,"FBgn0261995","CG42813",9,"TRUE","promoter",2
"75","chr3R",23601622,23601821,200,"*","lola_i_peaks_1_peak_1375",570.41943,"FBgn0051143","tRNA:Leu-CAA-2-3",266,"FALSE","promoter",1
"76","chrX",3285395,3285594,200,"*","lola_i_peaks_1_peak_1562",569.99841,"FBgn0000479","dnc",3885,"TRUE","distal",3
"77","chr3R",10076742,10076941,200,"*","lola_i_peaks_1_peak_1177",560.8526,"FBgn0037786","CG5361",1468,"FALSE","distal",3
"78","chrX",9502437,9502636,200,"*","lola_i_peaks_1_peak_1615",559.47949,"FBgn0261260","mgl",2407,"FALSE","distal",4
"79","chr3L",18114429,18114628,200,"*","lola_i_peaks_1_peak_1008",550.71149,"FBgn0052195","CG32195",244,"TRUE","distal",1
"80","chr2R",6015943,6016142,200,"*","lola_i_peaks_1_peak_340",541.92804,"FBgn0000043","Act42A",353,"FALSE","promoter",2
"81","chr3R",16305245,16305444,200,"*","lola_i_peaks_1_peak_1277",540.4397,"FBgn0038412","Zip89B",412,"FALSE","distal",1
"82","chrX",1819045,1819244,200,"*","lola_i_peaks_1_peak_1538",535.59149,"FBgn0283741","prage",1195,"TRUE","distal",1
"83","chrX",1187044,1187243,200,"*","lola_i_peaks_1_peak_1518",534.10577,"FBgn0040360","CG14626",2365,"TRUE","distal",2
"84","chr3R",23943073,23943272,200,"*","lola_i_peaks_1_peak_1382",531.13696,"FBgn0001098","Gdh",71,"FALSE","promoter",2
"85","chr3L",6942683,6942882,200,"*","lola_i_peaks_1_peak_827",530.20764,"FBgn0035719","tow",72,"FALSE","promoter",2
"86","chrX",1821123,1821322,200,"*","lola_i_peaks_1_peak_1539",525.20978,"FBgn0283741","prage",881,"TRUE","distal",1
"87","chr3R",28677786,28677985,200,"*","lola_i_peaks_1_peak_1446",522.25146,"FBgn0039594","CG9990",2844,"TRUE","distal",7
"88","chr2L",1657294,1657493,200,"*","lola_i_peaks_1_peak_38",521.84998,"FBgn0086758","chinmo",6135,"TRUE","distal",3
"89","chr3R",6170779,6170978,200,"*","lola_i_peaks_1_peak_1117",513.32379,"FBgn0037406","Osi1",2669,"FALSE","distal",2
"90","chr3L",8058628,8058827,200,"*","lola_i_peaks_1_peak_846",512.67096,"FBgn0026263","bip1",14,"FALSE","promoter",3
"91","chr2R",12474244,12474443,200,"*","lola_i_peaks_1_peak_491",511.31018,"FBgn0033744","Dh44-R2",79,"FALSE","promoter",2
"92","chr2L",7702595,7702794,200,"*","lola_i_peaks_1_peak_135",502.81512,"FBgn0041181","Tep3",109,"FALSE","promoter",1
"93","chr3R",10093582,10093781,200,"*","lola_i_peaks_1_peak_1182",501.42813,"FBgn0263413","lncRNA:CR43459",78,"FALSE","promoter",3
"94","chr3R",29682368,29682567,200,"*","lola_i_peaks_1_peak_1453",501.20969,"FBgn0013972","Gycalpha99B",34,"FALSE","promoter",3
"95","chr3R",17158751,17158950,200,"*","lola_i_peaks_1_peak_1289",473.19238,"FBgn0038492","Mur89F",6989,"TRUE","distal",4
"96","chrX",18512365,18512564,200,"*","lola_i_peaks_1_peak_1716",471.28098,"FBgn0030932","Ggt-1",55,"TRUE","promoter",1
"97","chr3R",20464452,20464651,200,"*","lola_i_peaks_1_peak_1329",465.28741,"FBgn0262869","Gfrl",14864,"TRUE","distal",4
"98","chr2L",1987697,1987896,200,"*","lola_i_peaks_1_peak_46",458.59579,"FBgn0001125","Got2",38,"FALSE","promoter",2
"99","chr3L",17211616,17211815,200,"*","lola_i_peaks_1_peak_975",450.65884,"FBgn0260943","Rbp6",26495,"TRUE","distal",1
"100","chrX",19496924,19497123,200,"*","lola_i_peaks_1_peak_1728",450.43518,"FBgn0031023","CG14200",348,"TRUE","distal",2
"101","chrX",21174969,21175168,200,"*","lola_i_peaks_1_peak_1742",450.36191,"FBgn0267062","lncRNA:CR45506",12909,"FALSE","distal",1
"102","chr2L",13332862,13333061,200,"*","lola_i_peaks_1_peak_210",442.33209,"FBgn0264308","CG43778",1840,"FALSE","distal",3
"103","chr2R",9308671,9308870,200,"*","lola_i_peaks_1_peak_420",442.33209,"FBgn0033402","Myd88",48,"FALSE","promoter",1
"104","chr3R",31134172,31134371,200,"*","lola_i_peaks_1_peak_1476",432.3685,"FBgn0013973","Gycbeta100B",119,"FALSE","promoter",2
"105","chr3R",7265614,7265813,200,"*","lola_i_peaks_1_peak_1133",426.26761,"FBgn0001112","Gld",10,"FALSE","promoter",2
"106","chrX",17968268,17968467,200,"*","lola_i_peaks_1_peak_1701",415.40353,"FBgn0003380","Sh",1142,"TRUE","distal",3
"107","chrX",14831938,14832137,200,"*","lola_i_peaks_1_peak_1663",413.99646,"FBgn0030581","CG14408",4,"FALSE","promoter",3
"108","chrX",10319211,10319410,200,"*","lola_i_peaks_1_peak_1624",412.59042,"FBgn0259170","alpha-Man-Ia",6646,"TRUE","distal",3
"109","chr2L",4661031,4661230,200,"*","lola_i_peaks_1_peak_89",409.78152,"FBgn0284415","lncRNA:TS6",4921,"FALSE","distal",1
"110","chr2R",15657864,15658063,200,"*","lola_i_peaks_1_peak_542",404.04187,"FBgn0023441","fus",897,"TRUE","distal",1
"111","chr2R",22373236,22373435,200,"*","lola_i_peaks_1_peak_646",402.77759,"FBgn0034720","Liprin-gamma",226,"FALSE","promoter",1
"112","chr3L",3752815,3753014,200,"*","lola_i_peaks_1_peak_770",390.23758,"FBgn0052264","CG32264",2285,"TRUE","distal",6
"113","chr2R",18523940,18524139,200,"*","lola_i_peaks_1_peak_584",388.4227,"FBgn0262476","CG43066",3389,"TRUE","distal",1
"114","chr2R",24685078,24685277,200,"*","lola_i_peaks_1_peak_701",387.11246,"FBgn0035049","Mmp1",87,"TRUE","promoter",3
"115","chr2L",19756845,19757044,200,"*","lola_i_peaks_1_peak_289",384.18396,"FBgn0032817","CG10631",40,"FALSE","promoter",3
"116","chr2R",20618152,20618351,200,"*","lola_i_peaks_1_peak_616",382.95248,"FBgn0050147","Hil",34,"FALSE","promoter",4
"117","chr2L",8888922,8889121,200,"*","lola_i_peaks_1_peak_154",380.54483,"FBgn0265588","lncRNA:CR44415",993,"FALSE","distal",1
"118","chr3R",27561248,27561447,200,"*","lola_i_peaks_1_peak_1438",380.54483,"FBgn0039525","CG5646",28,"FALSE","promoter",1
"119","chr2L",6465579,6465778,200,"*","lola_i_peaks_1_peak_119",378.86792,"FBgn0031816","Rchy1",9,"FALSE","promoter",2
"120","chr2L",14851742,14851941,200,"*","lola_i_peaks_1_peak_229",377.66177,"FBgn0028886","CG15279",92,"FALSE","promoter",1
"121","chr2R",9409404,9409603,200,"*","lola_i_peaks_1_peak_424",371.45142,"FBgn0016078","wun",11,"TRUE","promoter",2
"122","chrX",15298662,15298861,200,"*","lola_i_peaks_1_peak_1669",370.90616,"FBgn0261703","gce",246,"TRUE","promoter",1
"123","chr3R",12221404,12221603,200,"*","lola_i_peaks_1_peak_1215",364.51843,"FBgn0267676","asRNA:CR46012",39,"TRUE","promoter",2
"124","chr3R",12723904,12724103,200,"*","lola_i_peaks_1_peak_1223",361.32254,"FBgn0002719","Men",1561,"FALSE","distal",3
"125","chr2R",7024887,7025086,200,"*","lola_i_peaks_1_peak_361",361.32132,"FBgn0033127","Tsp42Ef",22,"FALSE","promoter",1
"126","chr2L",16041875,16042074,200,"*","lola_i_peaks_1_peak_240",358.5946,"FBgn0000182","BicC",71,"FALSE","promoter",2
"127","chr3L",16884192,16884391,200,"*","lola_i_peaks_1_peak_964",358.5946,"FBgn0261565","Lmpt",2100,"TRUE","distal",3
"128","chr3R",7644529,7644728,200,"*","lola_i_peaks_1_peak_1142",350.43854,"FBgn0083963","Nlg3",5194,"FALSE","distal",1
"129","chr4",557818,558017,200,"*","lola_i_peaks_1_peak_1497",349.66,"FBgn0264618","lncRNA:CR43958",63,"FALSE","promoter",2
"130","chr2R",11222669,11222868,200,"*","lola_i_peaks_1_peak_471",345.57703,"FBgn0033584","CG7737",101,"FALSE","promoter",1
"131","chr2R",13171263,13171462,200,"*","lola_i_peaks_1_peak_497",342.95557,"FBgn0053138","AGBE",37,"FALSE","promoter",3
"132","chr3L",16985627,16985826,200,"*","lola_i_peaks_1_peak_972",341.1293,"FBgn0261547","Exn",907,"TRUE","distal",2
"133","chr3L",18791287,18791486,200,"*","lola_i_peaks_1_peak_1014",339.62936,"FBgn0267601","lncRNA:CR45939",9921,"TRUE","distal",2
"134","chr3L",17533397,17533596,200,"*","lola_i_peaks_1_peak_981",338.28354,"FBgn0259174","Nedd4",8,"TRUE","promoter",1
"135","chr3R",26318061,26318260,200,"*","lola_i_peaks_1_peak_1419",338.08035,"FBgn0053970","CG33970",193,"FALSE","promoter",1
"136","chrX",6050643,6050842,200,"*","lola_i_peaks_1_peak_1588",338.06216,"FBgn0029835","CG5921",84,"FALSE","promoter",2
"137","chrX",1517167,1517366,200,"*","lola_i_peaks_1_peak_1533",336.93893,"FBgn0025394","inc",4196,"TRUE","distal",3
"138","chr3R",11196901,11197100,200,"*","lola_i_peaks_1_peak_1196",336.76562,"FBgn0037870","CG18577",590,"TRUE","distal",2
"139","chr3L",8912405,8912604,200,"*","lola_i_peaks_1_peak_863",333.74768,"FBgn0266757","mfr",5,"TRUE","promoter",2
"140","chrX",12785048,12785247,200,"*","lola_i_peaks_1_peak_1640",332.91232,"FBgn0052647","CG32647",189,"FALSE","promoter",4
"141","chr3L",1971194,1971393,200,"*","lola_i_peaks_1_peak_741",331.22046,"FBgn0035299","CG11815",93,"FALSE","promoter",4
"142","chr2R",12955829,12956028,200,"*","lola_i_peaks_1_peak_495",330.64572,"FBgn0033787","CG13321",2375,"FALSE","distal",2
"143","chr3R",30015085,30015284,200,"*","lola_i_peaks_1_peak_1458",323.37729,"FBgn0039737","CG7920",19,"TRUE","promoter",2
"144","chr2L",8709537,8709736,200,"*","lola_i_peaks_1_peak_153",316.93347,"FBgn0004914","Hnf4",25,"FALSE","promoter",1
"145","chr3L",11135890,11136089,200,"*","lola_i_peaks_1_peak_905",311.62341,"FBgn0052082","IRSp53",58,"FALSE","promoter",4
"146","chrX",12967414,12967613,200,"*","lola_i_peaks_1_peak_1643",308.9848,"FBgn0052644","Mur11Da",373,"FALSE","promoter",1
"147","chr3R",23010530,23010729,200,"*","lola_i_peaks_1_peak_1361",307.45486,"FBgn0085404","CG34375",67,"FALSE","promoter",2
"148","chr3L",6103738,6103937,200,"*","lola_i_peaks_1_peak_814",303.72296,"FBgn0005658","Ets65A",1359,"TRUE","distal",1
"149","chr3R",11562872,11563071,200,"*","lola_i_peaks_1_peak_1203",303.28854,"FBgn0037913","fabp",319,"TRUE","distal",2
"150","chr3L",21279930,21280129,200,"*","lola_i_peaks_1_peak_1056",301.12564,"FBgn0012034","AcCoAS",48,"TRUE","promoter",2
"151","chr2R",22297838,22298037,200,"*","lola_i_peaks_1_peak_643",298.19632,"FBgn0034718","wdp",3484,"FALSE","distal",2
"152","chr2R",7735487,7735686,200,"*","lola_i_peaks_1_peak_376",298.1774,"FBgn0042135","CG18812",34,"TRUE","promoter",2
"153","chr2R",11442356,11442555,200,"*","lola_i_peaks_1_peak_474",295.86893,"FBgn0260499","qvr",48,"FALSE","promoter",3
"154","chrX",3930992,3931191,200,"*","lola_i_peaks_1_peak_1569",294.56451,"FBgn0260658","CG42541",513,"FALSE","distal",2
"155","chr2L",7534970,7535169,200,"*","lola_i_peaks_1_peak_131",293.26141,"FBgn0264895","RapGAP1",4495,"TRUE","distal",1
"156","chr2L",6045950,6046149,200,"*","lola_i_peaks_1_peak_113",286.58148,"FBgn0000052","Pfas",0,"TRUE","promoter",3
"157","chr2L",17433172,17433371,200,"*","lola_i_peaks_1_peak_258",285.47064,"FBgn0011274","Dif",110,"FALSE","promoter",4
"158","chr3R",10091000,10091199,200,"*","lola_i_peaks_1_peak_1181",284.83459,"FBgn0262378","mir-317",25,"FALSE","promoter",1
"159","chr2L",20851637,20851836,200,"*","lola_i_peaks_1_peak_312",277.96149,"FBgn0032895","twit",840,"FALSE","distal",2
"160","chr2R",21178942,21179141,200,"*","lola_i_peaks_1_peak_627",273.55438,"FBgn0003162","Pu",75,"TRUE","promoter",2
"161","chr3R",30243568,30243767,200,"*","lola_i_peaks_1_peak_1464",271.31409,"FBgn0039758","CG9737",355,"FALSE","promoter",2
"162","chr2L",3059333,3059532,200,"*","lola_i_peaks_1_peak_71",268.32159,"FBgn0283427","FASN1",2443,"TRUE","distal",3
"163","chrX",2145171,2145370,200,"*","lola_i_peaks_1_peak_1553",266.65967,"FBgn0004654","Pgd",91,"TRUE","promoter",2
"164","chr2L",3056473,3056672,200,"*","lola_i_peaks_1_peak_70",266.28854,"FBgn0283427","FASN1",24,"FALSE","promoter",1
"165","chr3R",7753661,7753860,200,"*","lola_i_peaks_1_peak_1144",265.41144,"FBgn0037513","pyd3",3681,"FALSE","distal",2
"166","chr2L",552499,552698,200,"*","lola_i_peaks_1_peak_18",265.13202,"FBgn0005660","Ets21C",144,"TRUE","promoter",2
"167","chr3L",5926708,5926907,200,"*","lola_i_peaks_1_peak_813",264.7139,"FBgn0053523","CG33523",62,"TRUE","promoter",1
"168","chr3R",6474573,6474772,200,"*","lola_i_peaks_1_peak_1124",263.99609,"FBgn0037448","CG15186",3637,"FALSE","distal",3
"169","chr2L",5341097,5341296,200,"*","lola_i_peaks_1_peak_102",263.66306,"FBgn0031703","CG12512",1036,"TRUE","distal",2
"170","chr2R",24693231,24693430,200,"*","lola_i_peaks_1_peak_703",262.75607,"FBgn0035050","SiaT",1054,"TRUE","distal",1
"171","chr3L",14756318,14756517,200,"*","lola_i_peaks_1_peak_939",262.32623,"FBgn0260233","CG42507",917,"TRUE","distal",1
"172","chr2R",18528674,18528873,200,"*","lola_i_peaks_1_peak_585",259.39587,"FBgn0034356","CG10924",1343,"TRUE","distal",1
"173","chrX",9550839,9551038,200,"*","lola_i_peaks_1_peak_1616",258.08707,"FBgn0267253","CG32700",100,"FALSE","promoter",2
"174","chr3L",4239690,4239889,200,"*","lola_i_peaks_1_peak_786",256.97678,"FBgn0035515","CG14997",382,"FALSE","promoter",4
"175","chr2L",6773766,6773965,200,"*","lola_i_peaks_1_peak_123",256.63147,"FBgn0031858","CG17378",174,"FALSE","promoter",2
"176","chr3R",23191363,23191562,200,"*","lola_i_peaks_1_peak_1365",253.81514,"FBgn0262975","cnc",179,"TRUE","promoter",4
"177","chr3L",4122340,4122539,200,"*","lola_i_peaks_1_peak_783",250.22934,"FBgn0035499","Chd64",51,"FALSE","promoter",2
"178","chr2L",13459077,13459276,200,"*","lola_i_peaks_1_peak_212",248.5155,"FBgn0263354","CG42784",503,"TRUE","distal",4
"179","chr2R",18829599,18829798,200,"*","lola_i_peaks_1_peak_596",247.51962,"FBgn0034396","CG15097",0,"TRUE","promoter",4
"180","chr3L",18032862,18033061,200,"*","lola_i_peaks_1_peak_1003",247.2627,"FBgn0000568","Eip75B",5317,"TRUE","distal",4
"181","chr3L",12203884,12204083,200,"*","lola_i_peaks_1_peak_912",245.97957,"FBgn0022709","Adk1",48,"TRUE","promoter",3
"182","chr3R",26714083,26714282,200,"*","lola_i_peaks_1_peak_1427",243.83411,"FBgn0023179","amon",23,"FALSE","promoter",2
"183","chr3R",31127415,31127614,200,"*","lola_i_peaks_1_peak_1475",243.51323,"FBgn0039820","CG15554",1365,"FALSE","distal",5
"184","chrX",18018640,18018839,200,"*","lola_i_peaks_1_peak_1703",238.53494,"FBgn0003380","Sh",3504,"TRUE","distal",2
"185","chr3L",11070395,11070594,200,"*","lola_i_peaks_1_peak_903",235.78275,"FBgn0263241","Mocs1",30,"FALSE","promoter",3
"186","chr2R",9565116,9565315,200,"*","lola_i_peaks_1_peak_434",235.47467,"FBgn0266819","asRNA:CR45281",25,"FALSE","promoter",1
"187","chr3R",7492300,7492499,200,"*","lola_i_peaks_1_peak_1139",234.47105,"FBgn0015569","alpha-Est10",796,"TRUE","distal",2
"188","chr3R",5523282,5523481,200,"*","lola_i_peaks_1_peak_1111",233.73169,"FBgn0010051","Itp-r83A",53,"TRUE","promoter",1
"189","chr3L",21319790,21319989,200,"*","lola_i_peaks_1_peak_1058",233.17642,"FBgn0086913","Rab26",116,"TRUE","promoter",2
"190","chr2L",1724357,1724556,200,"*","lola_i_peaks_1_peak_40",232.91306,"FBgn0031359","Rim2",68,"FALSE","promoter",1
"191","chr3L",10086424,10086623,200,"*","lola_i_peaks_1_peak_893",231.11325,"FBgn0040823","dpr6",2875,"TRUE","distal",4
"192","chr2L",1043297,1043496,200,"*","lola_i_peaks_1_peak_23",228.6517,"FBgn0031294","IA-2",178,"TRUE","promoter",2
"193","chr2R",9186246,9186445,200,"*","lola_i_peaks_1_peak_418",224.75954,"FBgn0002567","Rab32",3,"FALSE","promoter",2
"194","chr2R",23995004,23995203,200,"*","lola_i_peaks_1_peak_686",223.77687,"FBgn0034951","CG3860",48,"FALSE","promoter",3
"195","chr2L",1649861,1650060,200,"*","lola_i_peaks_1_peak_35",222.52534,"FBgn0086758","chinmo",1296,"FALSE","distal",3
"196","chrX",18900233,18900432,200,"*","lola_i_peaks_1_peak_1726",221.30484,"FBgn0030976","CG7378",76,"FALSE","promoter",3
"197","chr3L",10508060,10508259,200,"*","lola_i_peaks_1_peak_895",217.65291,"FBgn0052062","Rbfox1",7842,"TRUE","distal",3
"198","chr3L",14562759,14562958,200,"*","lola_i_peaks_1_peak_935",217.65291,"FBgn0028418","Lk",2094,"FALSE","distal",1
"199","chr2L",21683716,21683915,200,"*","lola_i_peaks_1_peak_328",216.96065,"FBgn0051619","nolo",289,"FALSE","promoter",1
"200","chr3R",26535143,26535342,200,"*","lola_i_peaks_1_peak_1421",215.01486,"FBgn0039431","plum",25,"FALSE","promoter",1
"201","chr3R",24524563,24524762,200,"*","lola_i_peaks_1_peak_1385",214.80132,"FBgn0039203","CG13618",130,"FALSE","promoter",2
"202","chr2R",2079731,2079930,200,"*","lola_i_peaks_1_peak_335",214.01552,"FBgn0263780","CG17684",182283,"TRUE","distal",3
"203","chr2R",7736004,7736203,200,"*","lola_i_peaks_1_peak_377",212.78232,"FBgn0042135","CG18812",481,"FALSE","distal",3
"204","chr2L",13290740,13290939,200,"*","lola_i_peaks_1_peak_207",211.91679,"FBgn0051729","CG31729",69,"TRUE","promoter",1
"205","chrX",7340825,7341024,200,"*","lola_i_peaks_1_peak_1601",211.59877,"FBgn0265457","lncRNA:CR44357",3218,"TRUE","distal",5
"206","chr3R",18226266,18226465,200,"*","lola_i_peaks_1_peak_1303",209.95044,"FBgn0262559","Mdh2",29,"FALSE","promoter",3
"207","chr3R",9460768,9460967,200,"*","lola_i_peaks_1_peak_1166",209.9127,"FBgn0037697","GstZ2",215,"FALSE","promoter",2
"208","chr2L",11874569,11874768,200,"*","lola_i_peaks_1_peak_187",209.1886,"FBgn0264815","Pde1c",209,"TRUE","promoter",3
"209","chr2R",10025967,10026166,200,"*","lola_i_peaks_1_peak_445",209.1886,"FBgn0022382","Pka-R2",24,"FALSE","promoter",1
"210","chrX",8193060,8193259,200,"*","lola_i_peaks_1_peak_1604",209.1886,"FBgn0261873","sdt",39,"TRUE","promoter",1
"211","chr3L",4380462,4380661,200,"*","lola_i_peaks_1_peak_787",208.84029,"FBgn0035538","DopEcR",174,"FALSE","promoter",2
"212","chr3L",22824979,22825178,200,"*","lola_i_peaks_1_peak_1081",206.89609,"FBgn0027339","jim",243,"TRUE","promoter",2
"213","chr2R",20330753,20330952,200,"*","lola_i_peaks_1_peak_615",206.78506,"FBgn0034504","CG8929",2520,"FALSE","distal",1
"214","chr3L",17962310,17962509,200,"*","lola_i_peaks_1_peak_997",205.88652,"FBgn0000568","Eip75B",595,"TRUE","distal",4
"215","chr2L",11203608,11203807,200,"*","lola_i_peaks_1_peak_180",205.44022,"FBgn0259822","Ca-beta",163,"FALSE","promoter",1
"216","chr2R",10110756,10110955,200,"*","lola_i_peaks_1_peak_447",203.26964,"FBgn0003071","Pfk",13,"TRUE","promoter",3
"217","chr2L",20796999,20797198,200,"*","lola_i_peaks_1_peak_305",198.42577,"FBgn0250785","vari",56,"FALSE","promoter",3
"218","chr2L",3507262,3507461,200,"*","lola_i_peaks_1_peak_76",198.00475,"FBgn0014396","tim",143,"TRUE","promoter",1
"219","chr3R",9057905,9058104,200,"*","lola_i_peaks_1_peak_1163",197.61391,"FBgn0037659","Kdm2",4713,"TRUE","distal",1
"220","chr3L",2256790,2256989,200,"*","lola_i_peaks_1_peak_745",197.48747,"FBgn0035321","CG1275",77,"TRUE","promoter",1
"221","chr2R",16869300,16869499,200,"*","lola_i_peaks_1_peak_558",196.65787,"FBgn0034162","CG6426",1,"FALSE","promoter",2
"222","chr3R",18916964,18917163,200,"*","lola_i_peaks_1_peak_1313",196.4451,"FBgn0261113","Xrp1",1195,"TRUE","distal",2
"223","chr2R",23798391,23798590,200,"*","lola_i_peaks_1_peak_674",195.85509,"FBgn0034903","sona",95,"FALSE","promoter",2
"224","chr2R",9666216,9666415,200,"*","lola_i_peaks_1_peak_439",192.33195,"FBgn0033438","Mmp2",5090,"TRUE","distal",1
"225","chr2R",11388728,11388927,200,"*","lola_i_peaks_1_peak_473",190.34099,"FBgn0082585","sprt",48,"TRUE","promoter",4
"226","chr3L",9509497,9509696,200,"*","lola_i_peaks_1_peak_876",190.25922,"FBgn0036008","CG3408",13,"FALSE","promoter",1
"227","chr3L",22835395,22835594,200,"*","lola_i_peaks_1_peak_1082",189.93283,"FBgn0027339","jim",300,"FALSE","promoter",2
"228","chr3L",21210072,21210271,200,"*","lola_i_peaks_1_peak_1053",188.37331,"FBgn0037060","CG10508",42,"FALSE","promoter",2
"229","chr2R",8131872,8132071,200,"*","lola_i_peaks_1_peak_390",188.35713,"FBgn0005648","Pabp2",540,"TRUE","distal",2
"230","chr3R",11689932,11690131,200,"*","lola_i_peaks_1_peak_1206",183.82735,"FBgn0037936","CG6908",18,"TRUE","promoter",2
"231","chr3L",6709099,6709298,200,"*","lola_i_peaks_1_peak_821",183.12663,"FBgn0035711","CG8519",1613,"FALSE","distal",2
"232","chrX",12437189,12437388,200,"*","lola_i_peaks_1_peak_1636",181.96227,"FBgn0259680","Pkcdelta",4194,"TRUE","distal",4
"233","chr3R",20957617,20957816,200,"*","lola_i_peaks_1_peak_1342",181.74724,"FBgn0002921","Atpalpha",16,"TRUE","promoter",2
"234","chr3R",27657041,27657240,200,"*","lola_i_peaks_1_peak_1441",180.79971,"FBgn0002772","Mlc1",144,"TRUE","promoter",1
"235","chr2L",18119607,18119806,200,"*","lola_i_peaks_1_peak_269",179.63898,"FBgn0032666","CG5758",287,"FALSE","promoter",1
"236","chr3L",2122421,2122620,200,"*","lola_i_peaks_1_peak_742",177.06624,"FBgn0052311","zormin",4022,"TRUE","distal",3
"237","chr3L",14992061,14992260,200,"*","lola_i_peaks_1_peak_941",175.6904,"FBgn0036461","Zip71B",127,"FALSE","promoter",3
"238","chr2R",6089053,6089252,200,"*","lola_i_peaks_1_peak_342",175.0145,"FBgn0000546","EcR",3527,"TRUE","distal",2
"239","chr3L",17907700,17907899,200,"*","lola_i_peaks_1_peak_992",174.40579,"FBgn0036770","Prestin",11,"TRUE","promoter",2
"240","chr2R",7758832,7759031,200,"*","lola_i_peaks_1_peak_379",174.32951,"FBgn0266526","CG45093",54,"TRUE","promoter",2
"241","chr3R",22564785,22564984,200,"*","lola_i_peaks_1_peak_1358",172.71342,"FBgn0038986","sit",2312,"FALSE","distal",1
"242","chr3L",21769622,21769821,200,"*","lola_i_peaks_1_peak_1069",171.99176,"FBgn0037130","Syn1",92,"TRUE","promoter",2
"243","chr2L",1988188,1988387,200,"*","lola_i_peaks_1_peak_47",171.43362,"FBgn0031381","Npc2a",1,"FALSE","promoter",4
"244","chrX",6317210,6317409,200,"*","lola_i_peaks_1_peak_1593",170.93124,"FBgn0029864","CG15894",110,"TRUE","promoter",3
"245","chr3L",16969685,16969884,200,"*","lola_i_peaks_1_peak_970",168.52142,"FBgn0261547","Exn",227,"FALSE","promoter",1
"246","chr2L",2376283,2376482,200,"*","lola_i_peaks_1_peak_56",168.39284,"FBgn0031420","Atxn7",49,"TRUE","distal",1
"247","chr3R",18918102,18918301,200,"*","lola_i_peaks_1_peak_1314",166.99384,"FBgn0261113","Xrp1",57,"TRUE","promoter",1
"248","chr3L",21483941,21484140,200,"*","lola_i_peaks_1_peak_1062",165.85565,"FBgn0037085","Neu2",6544,"FALSE","distal",2
"249","chr3L",1831903,1832102,200,"*","lola_i_peaks_1_peak_738",162.45274,"FBgn0035279","Cpr62Ba",219,"FALSE","promoter",1
"250","chr3L",17655816,17656015,200,"*","lola_i_peaks_1_peak_989",162.45274,"FBgn0036745","CG7484",1298,"FALSE","distal",1
"251","chrX",13783614,13783813,200,"*","lola_i_peaks_1_peak_1656",162.45274,"FBgn0261244","inaE",0,"TRUE","promoter",1
"252","chrX",18063439,18063638,200,"*","lola_i_peaks_1_peak_1704",162.45274,"FBgn0003380","Sh",291,"FALSE","promoter",2
"253","chr3L",5657365,5657564,200,"*","lola_i_peaks_1_peak_806",162.44096,"FBgn0085447","sif",447,"FALSE","distal",3
"254","chrX",6219854,6220053,200,"*","lola_i_peaks_1_peak_1592",161.4364,"FBgn0029849","Efr",2,"FALSE","promoter",1
"255","chr2R",17792549,17792748,200,"*","lola_i_peaks_1_peak_569",160.71964,"FBgn0028743","Dhit",220,"FALSE","promoter",5
"256","chr4",1084705,1084904,200,"*","lola_i_peaks_1_peak_1502",160.19392,"FBgn0024913","Actbeta",8,"FALSE","promoter",3
"257","chr3L",8395026,8395225,200,"*","lola_i_peaks_1_peak_856",159.4937,"FBgn0035888","CG7120",873,"FALSE","distal",1
"258","chr2R",21072747,21072946,200,"*","lola_i_peaks_1_peak_623",159.06747,"FBgn0034583","CG10527",57,"FALSE","promoter",2
"259","chrX",13031290,13031489,200,"*","lola_i_peaks_1_peak_1645",156.82056,"FBgn0265597","rad",634,"TRUE","distal",4
"260","chrX",21632859,21633058,200,"*","lola_i_peaks_1_peak_1744",156.82056,"FBgn0267704","lncRNA:flam",1067,"TRUE","distal",1
"261","chr2L",7675680,7675879,200,"*","lola_i_peaks_1_peak_134",155.50932,"FBgn0040299","Myo28B1",701,"TRUE","distal",4
"262","chr2L",10837497,10837696,200,"*","lola_i_peaks_1_peak_178",155.14995,"FBgn0011676","Nos",85,"FALSE","promoter",2
"263","chr3L",18996549,18996748,200,"*","lola_i_peaks_1_peak_1025",154.72075,"FBgn0036837","CG18135",839,"TRUE","distal",1
"264","chr2L",20223328,20223527,200,"*","lola_i_peaks_1_peak_296",154.58163,"FBgn0259996","lncRNA:CR40341",24610,"FALSE","distal",3
"265","chr3L",3252079,3252278,200,"*","lola_i_peaks_1_peak_764",154.58163,"FBgn0263617","lncRNA:CR43626",1156,"TRUE","distal",1
"266","chr3R",29479155,29479354,200,"*","lola_i_peaks_1_peak_1448",154.25229,"FBgn0004369","Ptp99A",60,"TRUE","promoter",3
"267","chr3R",19096730,19096929,200,"*","lola_i_peaks_1_peak_1319",154.02383,"FBgn0038679","CG6040",130,"FALSE","promoter",1
"268","chrX",6698455,6698654,200,"*","lola_i_peaks_1_peak_1594",153.46521,"FBgn0029894","CG14440",11,"TRUE","promoter",1
"269","chr3R",7505040,7505239,200,"*","lola_i_peaks_1_peak_1140",153.08511,"FBgn0015577","alpha-Est9",41,"FALSE","promoter",1
"270","chr2R",11890902,11891101,200,"*","lola_i_peaks_1_peak_478",152.66806,"FBgn0033663","ERp60",22,"FALSE","promoter",2
"271","chr2L",16168198,16168397,200,"*","lola_i_peaks_1_peak_241",151.23846,"FBgn0001991","Ca-alpha1D",47,"TRUE","promoter",1
"272","chr3L",8741305,8741504,200,"*","lola_i_peaks_1_peak_861",149.65874,"FBgn0003149","Prm",2497,"TRUE","distal",4
"273","chr3R",13232821,13233020,200,"*","lola_i_peaks_1_peak_1224",148.69225,"FBgn0000024","Ace",12342,"TRUE","distal",2
"274","chr3R",26137166,26137365,200,"*","lola_i_peaks_1_peak_1416",148.6488,"FBgn0039415","CG6142",4111,"FALSE","distal",2
"275","chr2R",14267870,14268069,200,"*","lola_i_peaks_1_peak_516",147.32179,"FBgn0033919","CG8547",50,"FALSE","promoter",2
"276","chrX",17066932,17067131,200,"*","lola_i_peaks_1_peak_1689",146.84512,"FBgn0266354","CG45002",299,"FALSE","promoter",3
"277","chr3R",20866296,20866495,200,"*","lola_i_peaks_1_peak_1336",146.59099,"FBgn0038837","KaiR1D",164,"FALSE","promoter",2
"278","chr2L",16315011,16315210,200,"*","lola_i_peaks_1_peak_245",146.42326,"FBgn0000250","cact",4154,"TRUE","distal",3
"279","chr2R",6500285,6500484,200,"*","lola_i_peaks_1_peak_350",143.50999,"FBgn0267744","lncRNA:CR46075",1386,"FALSE","distal",1
"280","chr3L",8081924,8082123,200,"*","lola_i_peaks_1_peak_848",143.50999,"FBgn0264705","lncRNA:CR43974",1175,"TRUE","distal",2
"281","chr3L",20730394,20730593,200,"*","lola_i_peaks_1_peak_1048",143.50999,"FBgn0037016","CG13252",96,"FALSE","promoter",1
"282","chr3R",16153781,16153980,200,"*","lola_i_peaks_1_peak_1268",142.85233,"FBgn0063649","CG6006",1100,"FALSE","distal",1
"283","chr2R",19253972,19254171,200,"*","lola_i_peaks_1_peak_603",142.59131,"FBgn0053453","CG33453",843,"FALSE","distal",2
"284","chr2R",24876489,24876688,200,"*","lola_i_peaks_1_peak_706",141.32555,"FBgn0265182","CG44247",101,"FALSE","promoter",1
"285","chr4",1146505,1146704,200,"*","lola_i_peaks_1_peak_1503",141.32082,"FBgn0052017","CG32017",75,"TRUE","promoter",2
"286","chr3R",12443852,12444051,200,"*","lola_i_peaks_1_peak_1220",140.82092,"FBgn0086687","Desat1",88,"TRUE","promoter",4
"287","chr3R",4717690,4717889,200,"*","lola_i_peaks_1_peak_1099",140.34644,"FBgn0266228","lncRNA:CR44923",1608,"FALSE","distal",2
"288","chr2R",13958090,13958289,200,"*","lola_i_peaks_1_peak_510",139.70718,"FBgn0262739","AGO1",100,"FALSE","promoter",1
"289","chr2R",16196929,16197128,200,"*","lola_i_peaks_1_peak_548",139.63866,"FBgn0262026","CG42837",12,"FALSE","promoter",1
"290","chr3L",18020960,18021159,200,"*","lola_i_peaks_1_peak_1000",139.35207,"FBgn0000568","Eip75B",4971,"TRUE","distal",2
"291","chr2R",10617471,10617670,200,"*","lola_i_peaks_1_peak_467",139.16589,"FBgn0033538","CG11883",90,"FALSE","promoter",3
"292","chr2R",23618028,23618227,200,"*","lola_i_peaks_1_peak_667",138.05313,"FBgn0034883","Eglp2",1373,"FALSE","distal",4
"293","chrX",2141272,2141471,200,"*","lola_i_peaks_1_peak_1551",137.81377,"FBgn0023507","D2hgdh",116,"FALSE","promoter",2
"294","chr3L",17238350,17238549,200,"*","lola_i_peaks_1_peak_976",137.01546,"FBgn0260943","Rbp6",237,"FALSE","promoter",2
"295","chr3R",19017378,19017577,200,"*","lola_i_peaks_1_peak_1318",135.2637,"FBgn0026239","gukh",6551,"TRUE","distal",2
"296","chrX",11983969,11984168,200,"*","lola_i_peaks_1_peak_1635",134.91765,"FBgn0263111","cac",153,"TRUE","promoter",2
"297","chr3R",6912248,6912447,200,"*","lola_i_peaks_1_peak_1129",134.65492,"FBgn0260642","Antp",7665,"TRUE","distal",1
"298","chr2R",20320435,20320634,200,"*","lola_i_peaks_1_peak_614",132.88057,"FBgn0027529","tapas",38,"TRUE","promoter",1
"299","chr2L",12046002,12046201,200,"*","lola_i_peaks_1_peak_192",132.76625,"FBgn0032400","CG6770",15,"TRUE","promoter",2
"300","chr2L",9915140,9915339,200,"*","lola_i_peaks_1_peak_166",132.70505,"FBgn0040064","yip2",12,"FALSE","promoter",3
"301","chr3R",20309357,20309556,200,"*","lola_i_peaks_1_peak_1328",132.65063,"FBgn0261550","CG42668",112,"TRUE","distal",1
"302","chr2R",9552644,9552843,200,"*","lola_i_peaks_1_peak_432",131.72058,"FBgn0263660","lncRNA:CR43651",99,"FALSE","promoter",2
"303","chr2R",8013716,8013915,200,"*","lola_i_peaks_1_peak_388",131.71001,"FBgn0033250","CG14762",60,"FALSE","promoter",2
"304","chr3L",3767899,3768098,200,"*","lola_i_peaks_1_peak_772",131.5768,"FBgn0052264","CG32264",2267,"TRUE","distal",1
"305","chr3L",311628,311827,200,"*","lola_i_peaks_1_peak_718",130.83031,"FBgn0004373","fwd",85,"TRUE","promoter",3
"306","chr3R",9868553,9868752,200,"*","lola_i_peaks_1_peak_1175",130.67091,"FBgn0037766","Teh1",532,"FALSE","distal",2
"307","chr3R",23386220,23386419,200,"*","lola_i_peaks_1_peak_1373",129.88657,"FBgn0039075","CG4393",1542,"FALSE","distal",5
"308","chrX",17454880,17455079,200,"*","lola_i_peaks_1_peak_1692",129.43582,"FBgn0030841","CG8568",2436,"FALSE","distal",2
"309","chrX",1476655,1476854,200,"*","lola_i_peaks_1_peak_1531",129.30492,"FBgn0025382","Rab27",218,"TRUE","promoter",1
"310","chr2L",20382285,20382484,200,"*","lola_i_peaks_1_peak_299",129.09721,"FBgn0032856","CG16798",28,"FALSE","promoter",3
"311","chr3L",21240141,21240340,200,"*","lola_i_peaks_1_peak_1055",128.73972,"FBgn0004865","Eip78C",105,"TRUE","promoter",1
"312","chrX",22487029,22487228,200,"*","lola_i_peaks_1_peak_1748",128.36873,"FBgn0031191","Cp110",50,"TRUE","promoter",2
"313","chr3L",7013723,7013922,200,"*","lola_i_peaks_1_peak_829",126.25467,"FBgn0260660","Mp",276,"TRUE","promoter",2
"314","chr2R",13822156,13822355,200,"*","lola_i_peaks_1_peak_507",126.11038,"FBgn0000662","fl(2)d",2296,"TRUE","distal",3
"315","chr3R",26461352,26461551,200,"*","lola_i_peaks_1_peak_1420",126.06892,"FBgn0039430","CG5455",74,"FALSE","promoter",1
"316","chr2R",13362959,13363158,200,"*","lola_i_peaks_1_peak_503",125.18117,"FBgn0266851","lncRNA:CR45312",223,"FALSE","promoter",2
"317","chr3L",19815812,19816011,200,"*","lola_i_peaks_1_peak_1039",124.85571,"FBgn0023094","cyc",25,"TRUE","promoter",2
"318","chr2L",20829982,20830181,200,"*","lola_i_peaks_1_peak_309",123.7824,"FBgn0051673","CG31673",472,"TRUE","distal",2
"319","chr3R",6973343,6973542,200,"*","lola_i_peaks_1_peak_1131",123.06768,"FBgn0260642","Antp",25784,"TRUE","distal",1
"320","chr3L",19834221,19834420,200,"*","lola_i_peaks_1_peak_1040",122.48611,"FBgn0003744","trc",16,"FALSE","promoter",1
"321","chr2L",11878989,11879188,200,"*","lola_i_peaks_1_peak_188",122.01444,"FBgn0264815","Pde1c",1851,"TRUE","distal",1
"322","chr3R",9047786,9047985,200,"*","lola_i_peaks_1_peak_1161",120.28807,"FBgn0014018","Rel",56,"TRUE","promoter",1
"323","chr2R",13897639,13897838,200,"*","lola_i_peaks_1_peak_508",120.09235,"FBgn0013733","shot",37,"TRUE","promoter",1
"324","chr3R",22368301,22368500,200,"*","lola_i_peaks_1_peak_1353",119.49966,"FBgn0267385","PyK",864,"TRUE","distal",1
"325","chrX",351092,351291,200,"*","lola_i_peaks_1_peak_1511",118.86887,"FBgn0052816","CG32816",625,"TRUE","distal",3
"326","chrX",10329751,10329950,200,"*","lola_i_peaks_1_peak_1625",118.86887,"FBgn0011770","Gip",20,"TRUE","promoter",3
"327","chr3R",4821422,4821621,200,"*","lola_i_peaks_1_peak_1101",118.49715,"FBgn0037282","CG14657",89,"FALSE","promoter",3
"328","chr2L",17715392,17715591,200,"*","lola_i_peaks_1_peak_266",117.82511,"FBgn0015609","CadN",10810,"TRUE","distal",3
"329","chr3R",9014200,9014399,200,"*","lola_i_peaks_1_peak_1160",117.25274,"FBgn0037655","Kcmf1",72,"TRUE","promoter",1
"330","chr2L",20831165,20831364,200,"*","lola_i_peaks_1_peak_310",116.78375,"FBgn0051674","CG31674",2,"TRUE","promoter",2
"331","chr2R",19126243,19126442,200,"*","lola_i_peaks_1_peak_601",116.78375,"FBgn0034417","CG15117",73,"TRUE","promoter",2
"332","chrX",13319253,13319452,200,"*","lola_i_peaks_1_peak_1648",116.78375,"FBgn0283680","IP3K2",1948,"TRUE","distal",2
"333","chr3R",18315357,18315556,200,"*","lola_i_peaks_1_peak_1305",115.74481,"FBgn0038603","PKD",1049,"FALSE","distal",4
"334","chrX",10624807,10625006,200,"*","lola_i_peaks_1_peak_1627",115.17571,"FBgn0030222","CG9806",1681,"TRUE","distal",3
"335","chr3L",12835549,12835748,200,"*","lola_i_peaks_1_peak_921",114.7083,"FBgn0036316","CG10960",3097,"TRUE","distal",3
"336","chrX",2340149,2340348,200,"*","lola_i_peaks_1_peak_1555",113.67423,"FBgn0003079","Raf",48,"TRUE","promoter",1
"337","chr3L",18995780,18995979,200,"*","lola_i_peaks_1_peak_1024",112.8623,"FBgn0036837","CG18135",70,"TRUE","promoter",1
"338","chrX",13359062,13359261,200,"*","lola_i_peaks_1_peak_1650",112.64262,"FBgn0261085","Syt12",85,"FALSE","promoter",3
"339","chr3L",11680372,11680571,200,"*","lola_i_peaks_1_peak_910",111.96741,"FBgn0052085","CG32085",127,"FALSE","promoter",1
"340","chr2L",8326902,8327101,200,"*","lola_i_peaks_1_peak_149",111.61348,"FBgn0032022","CG14275",453,"FALSE","distal",4
"341","chr3L",2961324,2961523,200,"*","lola_i_peaks_1_peak_756",111.0002,"FBgn0035382","Or63a",109,"FALSE","promoter",2
"342","chr2L",1911580,1911779,200,"*","lola_i_peaks_1_peak_45",110.58683,"FBgn0031374","Wdr62",61,"TRUE","promoter",1
"343","chr2L",18275849,18276048,200,"*","lola_i_peaks_1_peak_271",110.06336,"FBgn0261804","CG42750",178,"FALSE","promoter",3
"344","chr2R",23611146,23611345,200,"*","lola_i_peaks_1_peak_665",110.01655,"FBgn0034885","Eglp4",1704,"TRUE","distal",2
"345","chr3R",7306678,7306877,200,"*","lola_i_peaks_1_peak_1136",109.56268,"FBgn0267337","rn",2185,"TRUE","distal",3
"346","chr2R",23666994,23667193,200,"*","lola_i_peaks_1_peak_670",109.48165,"FBgn0266377","Pde8",40,"TRUE","promoter",1
"347","chrX",18214389,18214588,200,"*","lola_i_peaks_1_peak_1707",109.32976,"FBgn0053639","CG33639",5061,"TRUE","distal",2
"348","chr3L",22822515,22822714,200,"*","lola_i_peaks_1_peak_1080",108.54104,"FBgn0027339","jim",2219,"TRUE","distal",1
"349","chr3R",20675876,20676075,200,"*","lola_i_peaks_1_peak_1333",108.30751,"FBgn0266382","asRNA:CR45024",1103,"FALSE","distal",1
"350","chr2L",4331909,4332108,200,"*","lola_i_peaks_1_peak_85",107.96011,"FBgn0020762","Atet",1903,"FALSE","distal",3
"351","chrX",5289778,5289977,200,"*","lola_i_peaks_1_peak_1577",107.52193,"FBgn0261803","CG42749",6187,"FALSE","distal",1
"352","chr3L",11623680,11623879,200,"*","lola_i_peaks_1_peak_909",107.49177,"FBgn0086254","CG6084",64,"TRUE","promoter",3
"353","chr2R",15861318,15861517,200,"*","lola_i_peaks_1_peak_544",107.45843,"FBgn0022160","Gpo1",73,"TRUE","promoter",3
"354","chr2R",18811815,18812014,200,"*","lola_i_peaks_1_peak_595",107.27726,"FBgn0034394","CG15096",454,"TRUE","distal",2
"355","chr2R",14360181,14360380,200,"*","lola_i_peaks_1_peak_519",106.71979,"FBgn0033926","Arc1",15,"TRUE","promoter",1
"356","chrX",336745,336944,200,"*","lola_i_peaks_1_peak_1510",106.50537,"FBgn0052816","CG32816",1583,"TRUE","distal",1
"357","chrX",15301311,15301510,200,"*","lola_i_peaks_1_peak_1670",105.49136,"FBgn0261703","gce",901,"TRUE","distal",1
"358","chr3R",25329251,25329450,200,"*","lola_i_peaks_1_peak_1402",105.32422,"FBgn0045761","CHKov1",34,"FALSE","promoter",2
"359","chr3L",3942338,3942537,200,"*","lola_i_peaks_1_peak_776",105.31853,"FBgn0027552","CG10863",26,"TRUE","promoter",2
"360","chr2R",24687891,24688090,200,"*","lola_i_peaks_1_peak_702",104.71346,"FBgn0035049","Mmp1",192,"TRUE","distal",3
"361","chr3L",9698187,9698386,200,"*","lola_i_peaks_1_peak_885",104.43859,"FBgn0015321","Ubc4",48,"FALSE","promoter",1
"362","chr3L",17841138,17841337,200,"*","lola_i_peaks_1_peak_991",103.6918,"FBgn0036759","CG5577",188,"TRUE","distal",2
"363","chr2R",20007316,20007515,200,"*","lola_i_peaks_1_peak_612",103.47109,"FBgn0265839","lncRNA:CR44628",320,"TRUE","distal",3
"364","chr3L",3303270,3303469,200,"*","lola_i_peaks_1_peak_766",103.18695,"FBgn0035431","CG14968",257,"FALSE","promoter",1
"365","chr2L",10321712,10321911,200,"*","lola_i_peaks_1_peak_170",102.76817,"FBgn0032218","CG5381",9,"TRUE","promoter",2
"366","chr2L",122392,122591,200,"*","lola_i_peaks_1_peak_6",102.50779,"FBgn0031228","ND-15",344,"TRUE","promoter",1
"367","chr3R",16171819,16172018,200,"*","lola_i_peaks_1_peak_1270",102.15521,"FBgn0038404","CG8925",71,"FALSE","promoter",4
"368","chr2L",6494417,6494616,200,"*","lola_i_peaks_1_peak_120",101.81489,"FBgn0051638","CG31638",14,"TRUE","promoter",2
"369","chr2L",3303958,3304157,200,"*","lola_i_peaks_1_peak_74",101.46124,"FBgn0031518","CG3277",41,"FALSE","promoter",2
"370","chr2R",24257901,24258100,200,"*","lola_i_peaks_1_peak_693",99.85864,"FBgn0034997","CG3376",11,"FALSE","promoter",1
"371","chrX",6968658,6968857,200,"*","lola_i_peaks_1_peak_1596",99.4931,"FBgn0029922","CG14431",7,"TRUE","promoter",2
"372","chrX",1828451,1828650,200,"*","lola_i_peaks_1_peak_1540",99.46193,"FBgn0283741","prage",1203,"TRUE","distal",1
"373","chr2L",16269502,16269701,200,"*","lola_i_peaks_1_peak_243",99.09804,"FBgn0001994","crp",7460,"TRUE","distal",2
"374","chr2R",8152174,8152373,200,"*","lola_i_peaks_1_peak_392",98.59459,"FBgn0263593","Lpin",2838,"TRUE","distal",4
"375","chr3R",26117535,26117734,200,"*","lola_i_peaks_1_peak_1415",98.49337,"FBgn0051324","CG31324",7787,"TRUE","distal",1
"376","chr2R",14605275,14605474,200,"*","lola_i_peaks_1_peak_524",97.57941,"FBgn0033945","CG12868",77,"FALSE","promoter",2
"377","chr2L",7029148,7029347,200,"*","lola_i_peaks_1_peak_125",97.4733,"FBgn0031881","MME1",1721,"FALSE","distal",2
"378","chr3L",12507733,12507932,200,"*","lola_i_peaks_1_peak_917",96.88097,"FBgn0036294","CG10654",6,"TRUE","promoter",1
"379","chr3R",24572750,24572949,200,"*","lola_i_peaks_1_peak_1390",96.48302,"FBgn0039209","REPTOR",354,"TRUE","promoter",3
"380","chr3R",7793924,7794123,200,"*","lola_i_peaks_1_peak_1145",96.20109,"FBgn0037518","CG2641",44,"FALSE","promoter",3
"381","chr2L",19546934,19547133,200,"*","lola_i_peaks_1_peak_284",95.52464,"FBgn0032805","CG10337",74,"FALSE","promoter",1
"382","chrX",1397831,1398030,200,"*","lola_i_peaks_1_peak_1526",95.30549,"FBgn0024985","CG11448",4876,"FALSE","distal",3
"383","chrX",9684852,9685051,200,"*","lola_i_peaks_1_peak_1617",94.3968,"FBgn0261617","nej",714,"TRUE","distal",2
"384","chrX",1466597,1466796,200,"*","lola_i_peaks_1_peak_1530",93.97015,"FBgn0026872","CG14777",51,"TRUE","promoter",1
"385","chr2R",24565186,24565385,200,"*","lola_i_peaks_1_peak_699",93.60138,"FBgn0035025","uri",267,"FALSE","promoter",2
"386","chr2L",13665326,13665525,200,"*","lola_i_peaks_1_peak_215",93.52859,"FBgn0028527","CG18507",98,"FALSE","promoter",2
"387","chrX",12710004,12710203,200,"*","lola_i_peaks_1_peak_1639",93.29642,"FBgn0265523","Smr",4249,"TRUE","distal",4
"388","chr3L",913818,914017,200,"*","lola_i_peaks_1_peak_727",93.08253,"FBgn0264574","Glut1",155,"FALSE","promoter",2
"389","chr2L",3648210,3648409,200,"*","lola_i_peaks_1_peak_78",92.5493,"FBgn0000721","for",2171,"TRUE","distal",3
"390","chr3L",1970041,1970240,200,"*","lola_i_peaks_1_peak_740",89.64164,"FBgn0027547","CG1927",61,"FALSE","promoter",2
"391","chr2R",12279260,12279459,200,"*","lola_i_peaks_1_peak_490",89.62822,"FBgn0261611","CG42700",410,"FALSE","distal",2
"392","chr4",980215,980414,200,"*","lola_i_peaks_1_peak_1500",89.62822,"FBgn0039932","fuss",1825,"FALSE","distal",1
"393","chr2R",24116646,24116845,200,"*","lola_i_peaks_1_peak_689",89.53196,"FBgn0034978","CG3257",45,"FALSE","promoter",2
"394","chr2R",13297484,13297683,200,"*","lola_i_peaks_1_peak_501",88.71667,"FBgn0033826","CG4734",882,"TRUE","distal",2
"395","chr2R",22217219,22217418,200,"*","lola_i_peaks_1_peak_642",88.0608,"FBgn0050278","CG30278",1140,"TRUE","distal",3
"396","chr2R",7783157,7783356,200,"*","lola_i_peaks_1_peak_383",86.85296,"FBgn0000337","cn",76,"TRUE","promoter",3
"397","chr2L",6412130,6412329,200,"*","lola_i_peaks_1_peak_118",86.1891,"FBgn0031811","CG13982",84,"FALSE","promoter",2
"398","chr3R",23666823,23667022,200,"*","lola_i_peaks_1_peak_1377",86.18636,"FBgn0051145","CG31145",2735,"TRUE","distal",3
"399","chr2R",18761659,18761858,200,"*","lola_i_peaks_1_peak_590",85.97897,"FBgn0034389","Mctp",0,"TRUE","promoter",2
"400","chr2L",17589918,17590117,200,"*","lola_i_peaks_1_peak_263",85.77334,"FBgn0032651","Oli",121,"TRUE","promoter",2
"401","chrX",2947840,2948039,200,"*","lola_i_peaks_1_peak_1559",85.77334,"FBgn0028369","kirre",93,"TRUE","promoter",3
"402","chr3R",24544541,24544740,200,"*","lola_i_peaks_1_peak_1387",85.26942,"FBgn0266758","Esyt2",77,"FALSE","promoter",1
"403","chrX",15385438,15385637,200,"*","lola_i_peaks_1_peak_1673",85.26942,"FBgn0030634","CG9164",96,"FALSE","promoter",3
"404","chr2L",20027661,20027860,200,"*","lola_i_peaks_1_peak_292",85.06187,"FBgn0032840","sNPF",153,"FALSE","promoter",2
"405","chr3R",25966976,25967175,200,"*","lola_i_peaks_1_peak_1409",85.0322,"FBgn0259146","fid",3003,"FALSE","distal",1
"406","chr3R",24565954,24566153,200,"*","lola_i_peaks_1_peak_1389",84.71571,"FBgn0039209","REPTOR",5910,"TRUE","distal",2
"407","chr2R",16289262,16289461,200,"*","lola_i_peaks_1_peak_551",84.34937,"FBgn0263981","asRNA:CR43730",41,"TRUE","promoter",1
"408","chr3R",30206019,30206218,200,"*","lola_i_peaks_1_peak_1463",82.91278,"FBgn0086664","snoRNA:Psi28S-2149",806,"FALSE","distal",3
"409","chrX",5428388,5428587,200,"*","lola_i_peaks_1_peak_1579",82.91278,"FBgn0267073","lncRNA:CR45517",4,"TRUE","promoter",4
"410","chr3R",25585423,25585622,200,"*","lola_i_peaks_1_peak_1403",82.41265,"FBgn0011666","msi",2343,"TRUE","distal",6
"411","chr2R",20906618,20906817,200,"*","lola_i_peaks_1_peak_619",82.10791,"FBgn0034560","CG9235",2985,"FALSE","distal",2
"412","chrX",21374134,21374333,200,"*","lola_i_peaks_1_peak_1743",81.96518,"FBgn0267171","asRNA:CR45611",77,"TRUE","promoter",2
"413","chr3L",5902447,5902646,200,"*","lola_i_peaks_1_peak_811",81.36774,"FBgn0052412","QC",90,"FALSE","promoter",4
"414","chr3R",8799916,8800115,200,"*","lola_i_peaks_1_peak_1156",81.3577,"FBgn0261015","Pif1A",71,"TRUE","promoter",3
"415","chr3R",5632199,5632398,200,"*","lola_i_peaks_1_peak_1114",81.16074,"FBgn0051549","CG31549",31,"TRUE","promoter",2
"416","chr3L",1488618,1488817,200,"*","lola_i_peaks_1_peak_737",80.83441,"FBgn0020248","stet",20,"TRUE","promoter",2
"417","chr2R",22426903,22427102,200,"*","lola_i_peaks_1_peak_647",80.48937,"FBgn0034729","CG10344",25,"FALSE","promoter",3
"418","chr3R",12090684,12090883,200,"*","lola_i_peaks_1_peak_1213",80.07902,"FBgn0037989","ATP8B",171,"FALSE","promoter",1
"419","chr3R",18381325,18381524,200,"*","lola_i_peaks_1_peak_1306",79.81514,"FBgn0038610","CG7675",246,"FALSE","promoter",1
"420","chr3L",9372423,9372622,200,"*","lola_i_peaks_1_peak_871",79.74022,"FBgn0001229","Hsp67Bc",25,"FALSE","promoter",2
"421","chr2L",7358803,7359002,200,"*","lola_i_peaks_1_peak_127",79.00821,"FBgn0031903","Wnt10",4475,"FALSE","distal",2
"422","chr2R",6740638,6740837,200,"*","lola_i_peaks_1_peak_355",78.98331,"FBgn0010482","l(2)01289",65,"FALSE","promoter",3
"423","chr2R",9658141,9658340,200,"*","lola_i_peaks_1_peak_438",78.93363,"FBgn0033438","Mmp2",10,"TRUE","promoter",2
"424","chr3R",5861865,5862064,200,"*","lola_i_peaks_1_peak_1116",78.39815,"FBgn0037391","CG2017",62,"TRUE","promoter",1
"425","chr3L",4440309,4440508,200,"*","lola_i_peaks_1_peak_791",78.20503,"FBgn0035544","CG15021",3687,"FALSE","distal",2
"426","chr2R",22596427,22596626,200,"*","lola_i_peaks_1_peak_651",77.99442,"FBgn0266867","lncRNA:CR45328",597,"TRUE","distal",2
"427","chr2R",23843182,23843381,200,"*","lola_i_peaks_1_peak_677",77.97991,"FBgn0003401","shu",3,"TRUE","promoter",1
"428","chr3L",4574592,4574791,200,"*","lola_i_peaks_1_peak_797",77.28969,"FBgn0260657","CG42540",271,"TRUE","promoter",3
"429","chr2R",25085464,25085663,200,"*","lola_i_peaks_1_peak_712",77.27265,"FBgn0004919","gol",1216,"FALSE","distal",1
"430","chr3R",26990176,26990375,200,"*","lola_i_peaks_1_peak_1430",76.43154,"FBgn0051076","CG31076",423,"FALSE","distal",1
"431","chr3R",26988790,26988989,200,"*","lola_i_peaks_1_peak_1429",76.39125,"FBgn0051075","CG31075",372,"FALSE","promoter",1
"432","chr3R",23374431,23374630,200,"*","lola_i_peaks_1_peak_1372",76.34338,"FBgn0262010","CG42828",827,"FALSE","distal",1
"433","chr2R",17873748,17873947,200,"*","lola_i_peaks_1_peak_572",75.95963,"FBgn0011589","Elk",90,"FALSE","promoter",2
"434","chr2L",14997476,14997675,200,"*","lola_i_peaks_1_peak_231",75.41723,"FBgn0086711","mol",16,"FALSE","promoter",2
"435","chr3L",4475075,4475274,200,"*","lola_i_peaks_1_peak_793",75.41723,"FBgn0035550","CG11349",2106,"FALSE","distal",3
"436","chrX",2547163,2547362,200,"*","lola_i_peaks_1_peak_1557",75.41723,"FBgn0284408","trol",1852,"FALSE","distal",4
"437","chr3L",4102594,4102793,200,"*","lola_i_peaks_1_peak_782",75.31059,"FBgn0035497","CG14995",2,"TRUE","promoter",1
"438","chrX",15297493,15297692,200,"*","lola_i_peaks_1_peak_1667",73.67467,"FBgn0265611","asRNA:CR44429",172,"TRUE","promoter",1
"439","chr2R",14361841,14362040,200,"*","lola_i_peaks_1_peak_520",73.59988,"FBgn0033928","Arc2",16,"TRUE","promoter",2
"440","chr3L",12794647,12794846,200,"*","lola_i_peaks_1_peak_920",72.74495,"FBgn0261674","CG42709",3528,"TRUE","distal",2
"441","chr2R",7785885,7786084,200,"*","lola_i_peaks_1_peak_384",72.67438,"FBgn0015614","CanB2",24,"FALSE","promoter",1
"442","chr3R",4768772,4768971,200,"*","lola_i_peaks_1_peak_1100",72.35187,"FBgn0264907","CG44098",81,"TRUE","promoter",2
"443","chr3R",15077142,15077341,200,"*","lola_i_peaks_1_peak_1259",72.19298,"FBgn0038282","dpr9",35,"FALSE","promoter",2
"444","chr2R",9605848,9606047,200,"*","lola_i_peaks_1_peak_436",72.18476,"FBgn0050000","GstT1",39,"FALSE","promoter",3
"445","chr2L",15016204,15016403,200,"*","lola_i_peaks_1_peak_233",72.09077,"FBgn0260446","GABA-B-R1",26,"FALSE","promoter",3
"446","chr2L",16791425,16791624,200,"*","lola_i_peaks_1_peak_251",71.80434,"FBgn0032603","CG17928",42,"FALSE","promoter",3
"447","chr2L",16887887,16888086,200,"*","lola_i_peaks_1_peak_255",71.11071,"FBgn0040985","CG6115",20,"FALSE","promoter",1
"448","chr2R",10477787,10477986,200,"*","lola_i_peaks_1_peak_461",71.0702,"FBgn0261862","whd",155,"TRUE","promoter",1
"449","chrX",15868029,15868228,200,"*","lola_i_peaks_1_peak_1675",70.65541,"FBgn0001092","Gapdh2",15,"FALSE","promoter",2
"450","chr3R",19671646,19671845,200,"*","lola_i_peaks_1_peak_1325",70.55385,"FBgn0051216","Naam",295,"TRUE","distal",4
"451","chr3R",11566976,11567175,200,"*","lola_i_peaks_1_peak_1204",70.43297,"FBgn0037913","fabp",21,"FALSE","promoter",1
"452","chr3R",23156856,23157055,200,"*","lola_i_peaks_1_peak_1363",70.18417,"FBgn0004395","unk",905,"TRUE","distal",2
"453","chrX",19718104,19718303,200,"*","lola_i_peaks_1_peak_1731",70.06141,"FBgn0031064","CG12531",718,"FALSE","distal",1
"454","chr2L",5520143,5520342,200,"*","lola_i_peaks_1_peak_104",69.99051,"FBgn0000318","cl",16,"TRUE","promoter",1
"455","chr3R",31725950,31726149,200,"*","lola_i_peaks_1_peak_1488",69.96411,"FBgn0003870","ttk",269,"TRUE","promoter",3
"456","chr2L",20890416,20890615,200,"*","lola_i_peaks_1_peak_314",69.92738,"FBgn0263996","CG43739",120,"TRUE","promoter",3
"457","chrX",17684983,17685182,200,"*","lola_i_peaks_1_peak_1696",69.92738,"FBgn0263258","chas",2160,"TRUE","distal",2
"458","chr2L",310064,310263,200,"*","lola_i_peaks_1_peak_12",69.0238,"FBgn0004611","Plc21C",35,"TRUE","promoter",2
"459","chr2R",14514113,14514312,200,"*","lola_i_peaks_1_peak_522",68.60264,"FBgn0050197","CG30197",182,"TRUE","distal",1
"460","chr3L",20230399,20230598,200,"*","lola_i_peaks_1_peak_1045",68.33132,"FBgn0036956","CG13813",1169,"FALSE","distal",3
"461","chr3R",5300703,5300902,200,"*","lola_i_peaks_1_peak_1109",68.26073,"FBgn0037310","Tim17b1",657,"TRUE","distal",1
"462","chr2R",9544097,9544296,200,"*","lola_i_peaks_1_peak_430",68.25885,"FBgn0033421","CG1888",2760,"TRUE","distal",2
"463","chr3L",9762031,9762230,200,"*","lola_i_peaks_1_peak_887",68.19094,"FBgn0266956","lncRNA:CR45407",1230,"FALSE","distal",1
"464","chr2L",9490818,9491017,200,"*","lola_i_peaks_1_peak_159",68.12353,"FBgn0004868","Gdi",3877,"FALSE","distal",1
"465","chr2L",12207664,12207863,200,"*","lola_i_peaks_1_peak_195",68.12353,"FBgn0051759","CG31759",54,"TRUE","promoter",5
"466","chr2R",6245403,6245602,200,"*","lola_i_peaks_1_peak_349",67.7064,"FBgn0033075","Pld",8,"TRUE","promoter",2
"467","chr2L",8205369,8205568,200,"*","lola_i_peaks_1_peak_147",67.25537,"FBgn0264951","lncRNA:CR44120",178,"TRUE","promoter",2
"468","chrX",19349352,19349551,200,"*","lola_i_peaks_1_peak_1727",67.22661,"FBgn0086778","nAChRalpha7",1004,"FALSE","distal",2
"469","chr3L",6925953,6926152,200,"*","lola_i_peaks_1_peak_826",66.87344,"FBgn0266962","CG45413",5896,"FALSE","distal",1
"470","chr3L",3942773,3942972,200,"*","lola_i_peaks_1_peak_777",65.93457,"FBgn0035477","CG14982",22,"TRUE","promoter",3
"471","chr2R",19276450,19276649,200,"*","lola_i_peaks_1_peak_607",65.71415,"FBgn0003254","rib",817,"TRUE","distal",3
"472","chr2L",16886478,16886677,200,"*","lola_i_peaks_1_peak_254",65.50537,"FBgn0040985","CG6115",1387,"FALSE","distal",4
"473","chr3L",6157902,6158101,200,"*","lola_i_peaks_1_peak_816",65.44292,"FBgn0035685","CG13297",624,"FALSE","distal",2
"474","chrX",1286928,1287127,200,"*","lola_i_peaks_1_peak_1523",65.18662,"FBgn0025642","CG32812",261,"FALSE","promoter",1
"475","chr3R",13782170,13782369,200,"*","lola_i_peaks_1_peak_1234",64.82215,"FBgn0000454","Dip-B",17,"FALSE","promoter",3
"476","chr3R",18572948,18573147,200,"*","lola_i_peaks_1_peak_1309",64.77894,"FBgn0023083","fray",42,"FALSE","promoter",1
"477","chr3R",20818829,20819028,200,"*","lola_i_peaks_1_peak_1335",64.74293,"FBgn0038828","CG17270",0,"TRUE","promoter",1
"478","chrX",13370901,13371100,200,"*","lola_i_peaks_1_peak_1651",64.55619,"FBgn0030478","CG1640",5,"TRUE","promoter",1
"479","chr3L",5797343,5797542,200,"*","lola_i_peaks_1_peak_810",64.27413,"FBgn0035638","Tektin-C",899,"FALSE","distal",2
"480","chr2R",9060098,9060297,200,"*","lola_i_peaks_1_peak_415",63.72407,"FBgn0033368","CG13743",290,"TRUE","promoter",2
"481","chrX",17020122,17020321,200,"*","lola_i_peaks_1_peak_1687",63.67292,"FBgn0266354","CG45002",1822,"TRUE","distal",2
"482","chr3L",7131662,7131861,200,"*","lola_i_peaks_1_peak_830",62.80972,"FBgn0010387","Dbi",100,"FALSE","promoter",2
"483","chr2L",6656250,6656449,200,"*","lola_i_peaks_1_peak_121",62.6426,"FBgn0051633","CG31633",28,"FALSE","promoter",4
"484","chrX",15298102,15298301,200,"*","lola_i_peaks_1_peak_1668",61.91684,"FBgn0265611","asRNA:CR44429",14,"TRUE","promoter",2
"485","chrX",18806415,18806614,200,"*","lola_i_peaks_1_peak_1720",61.85693,"FBgn0266115","asRNA:CR44841",151,"FALSE","promoter",3
"486","chr3L",17616973,17617172,200,"*","lola_i_peaks_1_peak_987",61.82695,"FBgn0000567","Eip74EF",2251,"TRUE","distal",1
"487","chr3L",15976910,15977109,200,"*","lola_i_peaks_1_peak_953",61.75123,"FBgn0036551","CG17029",22,"TRUE","promoter",3
"488","chr2L",18823450,18823649,200,"*","lola_i_peaks_1_peak_275",61.6229,"FBgn0032713","CG17323",1,"TRUE","promoter",2
"489","chr3L",8091776,8091975,200,"*","lola_i_peaks_1_peak_849",61.16129,"FBgn0262579","Ect4",89,"TRUE","promoter",2
"490","chr2R",17927299,17927498,200,"*","lola_i_peaks_1_peak_573",61.04409,"FBgn0265591","lncRNA:CR44418",27145,"FALSE","distal",4
"491","chrX",14885621,14885820,200,"*","lola_i_peaks_1_peak_1664",61.04409,"FBgn0264078","Flo2",3134,"TRUE","distal",3
"492","chr3L",2255964,2256163,200,"*","lola_i_peaks_1_peak_744",60.62941,"FBgn0035321","CG1275",53,"TRUE","promoter",2
"493","chr2L",1651086,1651285,200,"*","lola_i_peaks_1_peak_36",60.61,"FBgn0086758","chinmo",71,"FALSE","promoter",1
"494","chr2R",18775271,18775470,200,"*","lola_i_peaks_1_peak_593",60.18631,"FBgn0264679","asRNA:CR43964",39,"FALSE","promoter",2
"495","chr2L",17130898,17131097,200,"*","lola_i_peaks_1_peak_257",60.17491,"FBgn0083942","CG34106",25,"FALSE","promoter",1
"496","chrX",14953957,14954156,200,"*","lola_i_peaks_1_peak_1665",60.17491,"FBgn0266094","lncRNA:CR44831",359,"FALSE","promoter",3
"497","chr3R",22470173,22470372,200,"*","lola_i_peaks_1_peak_1357",59.34574,"FBgn0038975","Nrx-1",794,"TRUE","distal",2
"498","chr3L",19707728,19707927,200,"*","lola_i_peaks_1_peak_1038",58.71845,"FBgn0260653","serp",127,"TRUE","promoter",3
"499","chr3L",15647070,15647269,200,"*","lola_i_peaks_1_peak_948",58.68596,"FBgn0259236","comm3",591,"TRUE","distal",2
"500","chr2L",7473315,7473514,200,"*","lola_i_peaks_1_peak_130",58.43277,"FBgn0260486","Ziz",1288,"TRUE","distal",1
"501","chr2R",18777441,18777640,200,"*","lola_i_peaks_1_peak_594",58.15048,"FBgn0034390","CG15093",562,"FALSE","distal",1
"502","chr2R",22087970,22088169,200,"*","lola_i_peaks_1_peak_639",57.50337,"FBgn0034692","CG13502",648,"TRUE","distal",2
"503","chr3L",7313819,7314018,200,"*","lola_i_peaks_1_peak_833",57.48627,"FBgn0035756","unc-13-4A",1022,"FALSE","distal",2
"504","chr3L",20198267,20198466,200,"*","lola_i_peaks_1_peak_1044",57.46917,"FBgn0261556","CG42674",49,"FALSE","promoter",1
"505","chr3R",13304641,13304840,200,"*","lola_i_peaks_1_peak_1228",57.1247,"FBgn0052473","CG32473",22,"TRUE","promoter",1
"506","chr3R",16254661,16254860,200,"*","lola_i_peaks_1_peak_1276",56.59276,"FBgn0040071","tara",9333,"TRUE","distal",1
"507","chr2R",10416958,10417157,200,"*","lola_i_peaks_1_peak_458",56.1665,"FBgn0261698","SLO2",61,"FALSE","promoter",1
"508","chr3L",18789580,18789779,200,"*","lola_i_peaks_1_peak_1013",56.09644,"FBgn0267601","lncRNA:CR45939",11628,"TRUE","distal",1
"509","chr2L",20794105,20794304,200,"*","lola_i_peaks_1_peak_303",55.89156,"FBgn0250785","vari",58,"TRUE","promoter",1
"510","chrX",16063546,16063745,200,"*","lola_i_peaks_1_peak_1680",55.8835,"FBgn0030723","dpr18",91,"FALSE","promoter",3
"511","chr2R",23868499,23868698,200,"*","lola_i_peaks_1_peak_679",55.79868,"FBgn0025352","Thiolase",3,"TRUE","promoter",2
"512","chr2L",15011835,15012034,200,"*","lola_i_peaks_1_peak_232",55.41329,"FBgn0264438","lncRNA:CR43856",731,"TRUE","distal",3
"513","chr3L",22273737,22273936,200,"*","lola_i_peaks_1_peak_1072",55.14437,"FBgn0025702","Srpk79D",147,"FALSE","promoter",1
"514","chr2R",18834640,18834839,200,"*","lola_i_peaks_1_peak_597",55.13398,"FBgn0034398","CG15098",34,"TRUE","promoter",2
"515","chr3L",3892050,3892249,200,"*","lola_i_peaks_1_peak_775",55.03634,"FBgn0266971","lncRNA:CR45422",186,"FALSE","promoter",1
"516","chr2R",18518106,18518305,200,"*","lola_i_peaks_1_peak_583",53.53515,"FBgn0262476","CG43066",3631,"TRUE","distal",1
"517","chr2L",12134027,12134226,200,"*","lola_i_peaks_1_peak_193",53.35339,"FBgn0032415","rho-6",715,"FALSE","distal",2
"518","chr3L",3765890,3766089,200,"*","lola_i_peaks_1_peak_771",53.28703,"FBgn0052264","CG32264",258,"TRUE","promoter",1
"519","chr3L",19139158,19139357,200,"*","lola_i_peaks_1_peak_1028",53.14566,"FBgn0036851","CG14082",282,"FALSE","promoter",4
"520","chr2L",11269664,11269863,200,"*","lola_i_peaks_1_peak_182",52.46407,"FBgn0040233","cana",15,"FALSE","promoter",1
"521","chr2R",8082858,8083057,200,"*","lola_i_peaks_1_peak_389",52.45616,"FBgn0025469","slv",17,"TRUE","promoter",2
"522","chr2L",5195773,5195972,200,"*","lola_i_peaks_1_peak_99",52.05889,"FBgn0261836","Msp300",161,"TRUE","promoter",1
"523","chr2L",16223805,16224004,200,"*","lola_i_peaks_1_peak_242",51.68584,"FBgn0264392","lncRNA:CR43840",6860,"FALSE","distal",3
"524","chr4",1053662,1053861,200,"*","lola_i_peaks_1_peak_1501",51.68584,"FBgn0264607","CaMKII",58,"FALSE","promoter",2
"525","chr3L",3139863,3140062,200,"*","lola_i_peaks_1_peak_760",51.39389,"FBgn0035400","CG11537",6,"TRUE","promoter",3
"526","chr3R",13735313,13735512,200,"*","lola_i_peaks_1_peak_1233",51.36494,"FBgn0085412","CG34383",55,"TRUE","promoter",2
"527","chr2R",10156097,10156296,200,"*","lola_i_peaks_1_peak_449",51.06132,"FBgn0265512","mlt",1319,"TRUE","distal",2
"528","chr2L",11842466,11842665,200,"*","lola_i_peaks_1_peak_186",50.97875,"FBgn0264815","Pde1c",120,"TRUE","promoter",2
"529","chr3R",24548824,24549023,200,"*","lola_i_peaks_1_peak_1388",50.69079,"FBgn0266758","Esyt2",89,"TRUE","promoter",1
"530","chr2L",2415204,2415403,200,"*","lola_i_peaks_1_peak_59",50.26728,"FBgn0031426","CG18641",17,"TRUE","promoter",1
"531","chr3R",9581249,9581448,200,"*","lola_i_peaks_1_peak_1170",49.70562,"FBgn0037717","CG8301",42,"TRUE","promoter",2
"532","chr3L",12490140,12490339,200,"*","lola_i_peaks_1_peak_916",48.61465,"FBgn0036288","CG10660",53,"TRUE","promoter",2
"533","chr2R",18857909,18858108,200,"*","lola_i_peaks_1_peak_599",48.24224,"FBgn0034405","Jheh2",68,"TRUE","promoter",3
"534","chr2L",19518720,19518919,200,"*","lola_i_peaks_1_peak_282",48.22648,"FBgn0032798","CG10132",3,"FALSE","promoter",1
"535","chr2R",17846511,17846710,200,"*","lola_i_peaks_1_peak_571",48.19048,"FBgn0041585","olf186-F",87,"TRUE","promoter",1
"536","chr2R",21255593,21255792,200,"*","lola_i_peaks_1_peak_630",48.10418,"FBgn0085426","Rgk3",104,"TRUE","promoter",1
"537","chr2R",7028723,7028922,200,"*","lola_i_peaks_1_peak_362",47.3491,"FBgn0033128","Tsp42Eg",87,"FALSE","promoter",1
"538","chr2L",12484297,12484496,200,"*","lola_i_peaks_1_peak_200",47.11779,"FBgn0259176","bun",807,"TRUE","distal",2
"539","chr3R",17700241,17700440,200,"*","lola_i_peaks_1_peak_1295",46.99012,"FBgn0261885","osa",399,"TRUE","promoter",2
"540","chr3L",15039237,15039436,200,"*","lola_i_peaks_1_peak_942",46.77835,"FBgn0261090","Sytbeta",3232,"TRUE","distal",7
"541","chr3L",4188361,4188560,200,"*","lola_i_peaks_1_peak_785",46.77161,"FBgn0040696","CG18675",37,"TRUE","promoter",1
"542","chr2R",5804518,5804717,200,"*","lola_i_peaks_1_peak_339",46.52696,"FBgn0085414","dpr12",93,"FALSE","promoter",1
"543","chr2L",15035361,15035560,200,"*","lola_i_peaks_1_peak_234",46.41505,"FBgn0041713","yellow-c",10,"TRUE","promoter",1
"544","chr3L",5343376,5343575,200,"*","lola_i_peaks_1_peak_802",45.97471,"FBgn0011986","tRNA:Ser-AGA-2-5",1391,"FALSE","distal",3
"545","chr3L",12902658,12902857,200,"*","lola_i_peaks_1_peak_922",45.97471,"FBgn0036324","CG12520",20,"FALSE","promoter",2
"546","chr2L",19517476,19517675,200,"*","lola_i_peaks_1_peak_281",45.62802,"FBgn0032797","Hasp",371,"FALSE","promoter",1
"547","chr3L",17930050,17930249,200,"*","lola_i_peaks_1_peak_994",45.41336,"FBgn0267794","lncRNA:CR43174",3881,"FALSE","distal",2
"548","chr2L",8619801,8620000,200,"*","lola_i_peaks_1_peak_152",45.17524,"FBgn0011259","Sema1a",126,"TRUE","promoter",3
"549","chr2L",11904247,11904446,200,"*","lola_i_peaks_1_peak_190",45.17524,"FBgn0264815","Pde1c",7568,"TRUE","distal",3
"550","chr3R",9001850,9002049,200,"*","lola_i_peaks_1_peak_1159",44.94177,"FBgn0051100","CG31100",63,"TRUE","promoter",2
"551","chr3R",21719610,21719809,200,"*","lola_i_peaks_1_peak_1348",44.85878,"FBgn0051176","CG31176",49,"FALSE","promoter",3
"552","chr2R",12044527,12044726,200,"*","lola_i_peaks_1_peak_481",44.67587,"FBgn0024732","Drep1",14,"TRUE","promoter",1
"553","chr3L",15493906,15494105,200,"*","lola_i_peaks_1_peak_945",43.58901,"FBgn0040805","CG12355",270,"TRUE","distal",1
"554","chr3L",16495285,16495484,200,"*","lola_i_peaks_1_peak_958",42.96734,"FBgn0263131","CG43373",116,"TRUE","promoter",2
"555","chr2R",16800123,16800322,200,"*","lola_i_peaks_1_peak_556",42.80233,"FBgn0034159","CG15615",3815,"FALSE","distal",1
"556","chr3R",24543798,24543997,200,"*","lola_i_peaks_1_peak_1386",41.92866,"FBgn0039207","CG5789",15,"TRUE","promoter",1
"557","chr2R",6241840,6242039,200,"*","lola_i_peaks_1_peak_346",41.91672,"FBgn0033075","Pld",63,"FALSE","promoter",2
"558","chr3L",7718779,7718978,200,"*","lola_i_peaks_1_peak_837",41.6791,"FBgn0052373","CG32373",470,"TRUE","distal",2
"559","chr2L",10032519,10032718,200,"*","lola_i_peaks_1_peak_168",41.48675,"FBgn0027600","obst-B",70,"FALSE","promoter",2
"560","chr2L",1048110,1048309,200,"*","lola_i_peaks_1_peak_24",41.12166,"FBgn0031294","IA-2",156,"FALSE","promoter",1
"561","chr2R",18497988,18498187,200,"*","lola_i_peaks_1_peak_579",40.92282,"FBgn0028496","CG30116",61,"FALSE","promoter",2
"562","chr3R",22639643,22639842,200,"*","lola_i_peaks_1_peak_1359",40.79797,"FBgn0266418","wake",64,"FALSE","promoter",1
"563","chr2R",16240625,16240824,200,"*","lola_i_peaks_1_peak_549",40.31985,"FBgn0034098","krimp",2,"FALSE","promoter",1
"564","chr2L",2400047,2400246,200,"*","lola_i_peaks_1_peak_58",40.24127,"FBgn0031424","VGlut",147,"TRUE","promoter",1
